index,sample.T1,sample.T2,sample.T3,sample.T4,sample.T5,sample.T6,sample.T7,sample.T8,sample.T9,sample.T10,sample.T11,sample.T12,sample.T13,sample.T14,sample.T15
date,,,,,,,,,,,,,,,
07-01-11,6.795073501,-3.080695845,-2.048334111,-6.224135928,0.065293098,-2.079548253,1.151732381,4.738428749,,8.619611412,6.741475362,1.304388071,1.409470502,,-8.366431906
14-01-11,7.55500117,-4.027608454,-1.971377807,,,-2.638356012,0.864934272,5.923648185,,9.029137306,7.043334561,1.9737378,1.635223746,,-7.96296266
21-01-11,7.104905419,-1.968701418,-1.785211698,-3.968560001,,-2.15617599,0.16096733,6.495935962,,8.323091637,8.08326476,-0.220005378,1.796665465,-1.638220519,-7.944645039
28-01-11,7.99191857,-2.779247893,0.017339109,-3.931210241,,-2.34034399,0.315275089,5.273917252,,9.444020732,5.339242229,-0.916504252,2.452244717,-2.86902457,-7.53789065
04-02-11,6.818390618,-1.444289252,-0.455330059,-3.845207543,,-2.224503886,0.080537656,4.694235694,,8.307308722,7.501086996,0.093449661,2.44404597,-2.286330382,-6.837204756
11-02-11,6.312505549,-1.122350854,-0.465502913,-4.794248871,-1.399780738,-3.662438625,0.417653558,3.765493741,,7.610019053,8.246326018,0.657351598,3.201871731,-3.912669579,-7.237060109
18-02-11,7.058228953,-1.864368649,-1.223498969,-5.558853216,,-5.526799459,-0.421160546,3.635742758,,6.47471503,8.338734293,0.494041324,3.920161321,-3.563153423,-7.565418091
25-02-11,7.330024279,-1.939940703,-2.440311584,-4.502003424,,-5.580053856,-0.276207161,4.168981395,,7.706772308,6.856164382,-0.832414055,1.500343357,-3.669055377,-8.400484755
04-03-11,7.408211816,-0.928893167,-4.285156445,-3.313106621,,-6.286425071,-0.696081104,3.840452991,,8.228840804,6.679821963,-1.57250502,0.822537204,-4.413440339,-7.509849447
11-03-11,6.229694378,-0.610595294,-5.817146294,-3.566033649,-4.313692109,-5.418463108,-1.486920363,2.854985636,,7.854157706,6.723718593,-0.375834193,1.437170111,-4.273294463,-8.910425316
18-03-11,7.202274007,-0.251079567,-7.248660848,-2.514146634,,-4.530145898,-2.349121527,5.505544293,,9.77159531,5.385355893,-1.630044313,0.460681102,-6.232921811,-9.696544348
25-03-11,7.770344407,-1.955530232,-8.919982417,-3.093623901,,-5.271286966,-1.150233183,5.572684977,,8.597098549,6.492238992,-2.016461587,-0.198133756,-6.384658885,-10.20643881
01-04-11,7.833791542,-2.08698969,-8.176868188,-3.594666796,,-3.991505057,0.269100917,3.979536865,,8.410027255,5.513441536,-1.14213681,-2.035059081,-6.763385983,-8.815673106
08-04-11,8.661712616,-4.298893657,-8.4436294,-4.419216527,-5.48263027,-3.041166595,-0.841223485,4.407463379,,7.511347033,4.712543661,-1.519980652,-2.316615404,-9.500637829,-7.052097666
15-04-11,8.143458902,-4.692863115,-7.956328414,-1.878960732,,-2.159526272,-1.647245702,5.587554762,,6.628234859,3.109759638,-1.448407893,-2.057733681,-10.19442927,-7.164287246
22-04-11,9.370456584,-4.817094947,-6.724629876,-1.306873539,,-2.720006919,-0.964372794,5.610176024,,7.119821529,0.856323297,-0.883494897,-2.064955665,-10.40382775,-5.43039794
29-04-11,9.62474212,-4.506508528,-6.077752161,-0.452664154,,-0.97417407,-1.443171417,4.30316152,,7.721204735,0.12995398,1.088734014,-3.082571645,-8.747259095,-4.139629649
06-05-11,9.371166246,-5.817544753,-4.930122281,0.187252938,,-0.520811676,-1.625137214,6.858221218,,7.23890465,1.931780076,2.405350722,-4.018654501,-9.890942976,-2.265769903
13-05-11,8.49928396,-5.084489979,-5.226138436,0.045507756,-0.238854303,-1.110586219,-2.799721874,7.091388082,,7.827405852,-0.171294431,2.187966216,-3.700683874,-10.77979207,-1.781479458
20-05-11,8.418581323,-7.925005717,-6.279832108,-0.42085249,,-2.194952953,-2.032187364,6.04368757,,8.131683462,0.258251753,0.221396809,-5.406201639,-9.694620895,-1.392158362
27-05-11,8.097640398,-9.311911407,-5.317151113,0.424718257,,-2.971516613,-1.744783213,6.552577089,,8.540446995,-1.433418505,-0.918012483,-5.838695006,-11.10990718,-1.634457368
03-06-11,6.55751205,-7.624671898,-5.579885965,-0.714287043,,-3.762873031,-1.952109441,8.29710875,,8.334717871,-2.287655707,-1.735642555,-4.652836476,-10.35923741,-1.780913438
10-06-11,6.902544161,-7.808369216,-4.906779937,-1.024433153,1.244415505,-2.929621643,-1.059499557,8.703398376,,8.787860557,-2.566003919,-1.612232834,-6.578441548,-11.97806939,-2.472956055
17-06-11,7.134956826,-7.829731102,-4.173871678,-0.96860044,,-0.962608619,-1.135311123,8.52687206,,9.528187591,-1.74389284,-2.73744472,-8.117712566,-12.45403811,-1.765671107
24-06-11,8.508407894,-9.025964751,-4.827479335,-0.002735963,,-0.645612565,-0.36023162,8.907887864,,11.15895467,0.961853985,-5.537261821,-8.857325823,-12.41401619,-1.959269815
01-07-11,8.209601244,-7.349539439,-5.532693943,-0.557927206,,-2.09313692,0.383423257,8.447373602,,11.57106068,1.251715442,-5.130387796,-8.991868986,-11.85242804,-1.909847069
08-07-11,7.360015782,-7.847524999,-7.698913582,-0.598317973,4.065968664,-1.46047921,-0.811389968,9.167064968,,11.45940621,2.752868223,-7.052867771,-8.747522703,-11.42438713,-2.216393107
15-07-11,7.049125833,-9.524359262,-6.251177539,0.216631877,,-1.817169844,-0.928017117,10.01190822,,9.835303687,0.640208188,-6.733569465,-9.490419578,-11.51049578,-1.272540834
22-07-11,8.124226146,-10.49376662,-4.685436205,-0.063556093,,-1.142384265,-1.640025481,10.82057545,,8.054220821,1.444035827,-6.997898904,-10.57585194,-12.74139204,0.357729847
29-07-11,8.848587441,-10.8010411,-4.771762854,-0.720893702,,-0.376868378,0.258816546,11.16287873,,7.688168229,0.836910784,-7.932873476,-11.6087382,-11.36292696,1.938613269
05-08-11,8.279378885,-12.16026484,-3.351523692,-1.496178598,,0.177805095,1.45148686,11.1266809,,9.176136195,-0.174075044,-8.327316585,-11.93363894,-12.34255561,2.675790356
12-08-11,7.27887326,-11.4102284,-3.975529498,0.208096083,7.691141007,0.215349403,2.234780407,10.62377284,,9.277100795,-1.182912707,-8.474072565,-11.3768548,-12.68855231,3.627319588
19-08-11,6.394390711,-10.88231217,-4.781918562,-0.672015702,,-0.672213716,3.409685383,10.65977476,,8.036555926,-0.381354346,-7.680409384,-9.610565287,-13.79823122,4.877991107
26-08-11,5.545843142,-11.52178494,-5.404674125,-0.95001448,,-1.428660818,2.443863032,11.19431543,,8.781203942,-1.005279385,-8.76539863,-10.17646272,-12.75993895,3.48482656
02-09-11,4.136316673,-11.76458213,-4.409986757,-1.29753354,,-0.625543184,4.595018706,11.94026309,,10.72820331,0.619981643,-8.710153069,-9.128949701,-13.6176064,4.577921964
09-09-11,5.463043945,-12.2857614,-3.839035298,-2.042309532,9.204210896,0.039342674,4.510973701,11.18697843,,11.96824525,-0.520382309,-7.441128411,-10.73741789,-14.92306494,5.8122952
16-09-11,4.537876726,-14.05990351,-3.963263497,-2.64543193,,-0.207707884,3.895217223,10.53326515,,12.49898927,-0.791249759,-7.517112238,-10.79426349,-15.11217316,5.057348387
23-09-11,5.556074698,-13.58536197,-3.37067891,-2.643598103,,0.278199565,4.668135009,10.65905294,,13.24678743,-2.675356616,-7.093999277,-8.596190629,-14.34953216,5.676573801
30-09-11,5.302666998,-12.04290058,-0.944929019,-1.620713262,,0.111716656,3.268068955,10.62985529,,13.04401904,-1.816629907,-6.789498619,-11.18803566,-15.45603124,4.816449608
07-10-11,5.353913517,-11.77198548,-2.75217358,-2.370713189,8.172147634,1.151124602,3.249457248,9.693745754,,13.63380564,-1.644627544,-7.517641206,-12.81594282,-14.15822004,4.817031575
14-10-11,4.068905598,-10.82974391,-3.669643816,-2.421749864,,3.05277604,4.58467365,10.242211,,13.73533864,-1.725014607,-6.696293485,-13.18128043,-15.27244818,4.112115253
21-10-11,5.011956763,-10.10592293,-3.758522258,-2.961615329,,3.565849901,5.367966084,8.65021036,,13.40997378,-2.0309829,-7.42606977,-14.41209188,-14.44499881,5.091003058
28-10-11,3.623225093,-12.0375447,-4.695372327,-2.482695706,,4.054790389,3.785653255,9.010518266,,13.49207302,-2.51500106,-8.053513724,-14.29311053,-14.40009218,6.896930794
04-11-11,2.3892593,-11.21375886,-4.124615134,-3.139228181,,2.983911973,4.277040457,10.25072168,,13.58253977,-1.162342186,-5.185993387,-15.71981636,-13.81576858,8.329267588
11-11-11,2.768549864,-11.47552904,-4.669997018,-3.481047546,8.388935224,4.073789257,4.662927145,10.94764576,,13.87516511,-1.740774529,-3.936474735,-16.7430431,-13.58408973,7.665085654
18-11-11,2.644535211,-12.39628842,-3.693420075,-3.32878769,,5.879047464,4.994962567,10.09816777,,14.19590641,-0.569840814,-3.66542064,-16.79890189,-14.83147648,7.20108736
25-11-11,2.551067109,-14.08695216,-2.442678631,-1.522954604,,4.321276525,4.735445842,12.06752056,,14.44900788,0.607354211,-3.003731985,-15.54121779,-15.76373407,6.602479724
02-12-11,3.600557706,-16.49428116,-0.651000369,-2.167351555,,2.954361786,3.903673111,12.21595208,,14.36683074,1.137740563,-2.397091052,-16.11748581,-16.30199961,7.238498889
09-12-11,3.429366226,-15.67492762,-1.102423196,-2.568285328,5.798842773,2.375945189,2.531768006,12.48556563,,14.93315317,0.007981403,-1.698425916,-17.1013265,-17.57261038,7.026456509
16-12-11,3.761154109,-16.17852928,-0.923588945,-4.866899397,,1.385228125,2.001514125,12.257958,,15.23132762,-0.733623289,-2.435465631,-16.94608634,-18.33087495,7.432185852
23-12-11,3.97517138,-16.19821788,-1.286744073,-4.475448543,,2.406093572,2.142836154,10.35201098,,16.56358978,-0.170624962,-1.211364139,-16.42693711,-17.13459656,6.134234633
30-12-11,2.935758942,-16.00051172,-1.690499188,-5.508008505,,1.529615063,1.488245316,9.819389993,,14.38895114,0.291054219,0.041543017,-18.16586872,-16.42110458,5.712584172
06-01-12,2.263692833,-16.32865684,-2.13935293,-5.828428891,,1.547221212,3.241450163,10.09166406,,15.76014077,0.286157085,-0.092984245,-19.28847662,-16.54981496,5.990129192
13-01-12,0.46996591,-16.87701301,-1.142233079,-5.794776079,0.065293098,0.946809965,4.595250163,9.625784664,,16.52107899,1.503037599,-0.980896772,-18.10521456,-16.97604797,6.531356987
20-01-12,0.644272992,-17.61944406,-0.969526976,-4.624556578,,2.818491358,4.192812087,9.452960243,,17.48752429,1.218677271,1.42913838,-16.77198207,-16.77763328,5.962040365
27-01-12,2.268553305,-17.13163936,-1.146364798,-6.366971799,,2.706229582,1.915146868,10.96778009,,17.09994493,-1.016963139,1.697289812,-15.7434865,-15.10082918,8.148999151
03-02-12,3.482858496,-16.75509287,-0.81938438,-6.448235618,,3.507862906,3.574800975,10.07122106,,16.81138865,-2.792564121,2.233556634,-13.79772063,-16.07046717,8.831294871
10-02-12,2.688949984,-17.42508246,-1.004979047,-5.766041807,,2.466296402,3.907644142,8.446560065,,19.8100599,-2.543900156,0.861920303,-14.44057778,-16.15428712,10.29127493
17-02-12,2.303440003,-18.65040695,-0.527905651,-5.746814473,-1.399780738,2.375368902,4.822784807,9.283053376,,18.59636465,-2.633638425,1.277756261,-13.45667446,-17.094598,10.55993606
24-02-12,2.497474923,-19.07533054,-1.381053992,-6.060765915,,1.817664529,4.747306192,10.11373812,,20.4903008,-1.771031243,1.625040289,-13.57936495,-16.36600711,10.53020394
02-03-12,1.518576755,-22.31664429,-1.554174566,-5.712259204,,0.791384167,5.958886227,11.29786516,,21.45288342,-1.757506858,0.622177738,-14.50634525,-17.53758566,10.59537802
09-03-12,4.565726935,-22.09340008,-1.384664943,-6.056335998,,0.333581185,5.979911208,13.14489872,,22.76652051,-1.066200062,2.658850427,-17.01366358,-16.80021553,10.9192806
16-03-12,4.290549603,-20.68435993,-1.353365602,-7.072223918,-4.313692109,1.333650666,7.392123532,13.93968472,,20.90182687,-0.220969373,2.941863417,-17.57997169,-17.76934037,11.00631663
23-03-12,3.943720559,-20.91752556,-0.988639058,-7.60433545,,2.034959907,9.484795365,14.82788937,,21.79489719,-1.222838067,0.579858466,-17.9366734,-18.56898543,9.072317026
30-03-12,5.229813826,-21.88932055,0.375027973,-7.969973104,,0.369304315,9.45612106,15.28787714,,20.92631874,-3.398008595,1.075682861,-17.31826682,-18.21082203,7.481189696
06-04-12,5.482471201,-21.2683812,2.682690067,-8.26410461,,-0.182607334,8.979494333,13.55402469,,21.58450137,-5.755686072,-0.347081942,-16.20768585,-19.18792684,7.662278631
13-04-12,6.920739826,-21.76906378,2.115751673,-8.904668543,-5.48263027,0.936250063,9.163020035,13.74898433,,20.91158792,-4.699936829,-0.983881686,-16.6121527,-19.31553082,7.634097905
20-04-12,6.788541996,-22.90649997,1.564402358,-6.902231689,,1.971626176,9.352745027,15.11435482,,20.84552391,-3.725133258,-1.310095068,-15.65990384,-17.80034042,6.721888019
27-04-12,8.974663734,-22.95364137,2.335317826,-5.578064586,,1.780153831,8.216437186,13.46500114,,20.5319439,-3.339049457,0.528174733,-15.6209572,-17.02829322,4.941841144
04-05-12,8.863884464,-23.95840328,1.17005527,-4.589824507,,0.935788927,7.871316581,13.57491846,,21.45418321,-2.735438733,-0.23139907,-15.50407887,-17.33629457,5.118540166
11-05-12,8.31619753,-24.9305428,-0.569812814,-3.63236459,,0.645101204,9.793292776,15.42090017,,22.14644949,-3.305718671,1.198136674,-16.39715152,-17.73529435,3.661005121
18-05-12,7.703381551,-27.13432301,-0.598612386,-4.575060592,-0.238854303,0.349481327,10.02714171,15.89882138,,20.5981862,-2.666963573,0.890432667,-16.25650663,-17.08005302,3.935983197
25-05-12,6.126009965,-26.22176945,-1.609526711,-6.80449167,,-0.002306751,9.818182748,15.49403382,,18.27093369,-4.355454579,0.139519485,-16.49022803,-17.17899837,2.434416578
01-06-12,7.224011766,-26.49568625,-1.683571659,-5.810984887,,-0.152778358,10.08449101,14.71750688,,18.14128373,-3.936970261,0.378473534,-17.01353361,-18.63187617,2.659000081
08-06-12,8.360154567,-25.21081171,-1.750635425,-5.093659983,,0.69382112,9.497666191,15.35150566,,18.89732905,-3.598707837,0.300124732,-17.0761699,-19.35455275,3.282638727
15-06-12,7.696412766,-23.54537985,-0.923603856,-4.562893774,1.244415505,1.522934596,10.92486476,14.75928811,,19.93374114,-2.237133839,-1.118695113,-16.50670104,-19.28622284,4.179805
22-06-12,7.107232664,-24.13496961,-0.467819316,-5.943616064,,0.37756859,11.54864175,14.61960412,,20.70295809,-2.017747659,-3.649051777,-17.23877679,-20.87960834,3.226730883
29-06-12,6.282338314,-24.22861178,-0.996472262,-7.465973149,,0.251458885,11.91526681,16.84298876,,19.90667637,-2.184276645,-3.07322557,-18.59284598,-21.25920664,3.846952085
06-07-12,5.705455247,-25.44446596,-2.104668195,-8.43892114,,2.115931825,12.00616619,17.28464453,,18.26586665,-1.665121071,-4.233491412,-19.21701906,-22.90637782,3.099903036
13-07-12,4.505450896,-26.20631287,-1.760902815,-8.572771766,4.065968664,1.952316995,14.20295299,17.60069705,,17.8018673,-1.593956852,-3.909555245,-19.96325592,-23.50950644,4.020138597
20-07-12,4.605112109,-26.97863085,-2.644038844,-9.289600392,,3.465911817,12.9095188,17.02105682,,15.50958327,-2.638965526,-3.288999099,-20.1976165,-23.105026,2.172694299
27-07-12,5.386335332,-27.38687878,-3.615954314,-10.57183261,,4.015578202,12.56172333,15.47484804,,14.91015214,-2.561775986,-4.791245793,-20.21775953,-23.17814285,2.573622231
03-08-12,5.279662353,-28.8379273,-2.88611916,-10.07374014,,5.25370777,12.84476683,15.02165618,,15.76372512,-2.412519556,-6.182850627,-19.35531773,-24.49002909,2.015593959
10-08-12,4.751968525,-29.11597441,-4.130854655,-8.980111586,,6.373870562,12.63577402,15.99647128,,15.04888722,-0.516531839,-5.396855088,-19.33370069,-23.94337646,1.253237587
17-08-12,6.403878324,-28.52748259,-3.291616286,-10.91123856,7.691141007,6.395882879,12.04852072,14.74574376,,14.93815295,0.388010632,-7.104817359,-18.95874408,-23.09338151,1.440979942
24-08-12,6.79260121,-28.8520519,-1.014819035,-11.01078102,,6.834578322,12.84369928,14.02871708,,16.04964107,1.389906223,-7.092840777,-19.44220203,-23.70453564,3.272970311
31-08-12,8.183258166,-29.79014936,-0.601583493,-9.799570384,,5.361353901,12.49356867,14.73798228,,16.32196024,0.356084324,-8.543003219,-19.76597449,-23.1479606,5.165227223
07-09-12,9.18430233,-30.44144019,-0.122708838,-11.92347727,,3.707356363,13.01679894,14.66479887,,14.13556658,2.046768736,-7.49992088,-20.47945881,-22.07651549,5.28294304
14-09-12,9.330443375,-28.70963191,-1.521110496,-13.53904082,9.204210896,0.736709722,13.10349477,15.0654919,,13.32367349,1.775473914,-6.548152837,-20.51164483,-22.19750236,4.167118498
21-09-12,9.764248705,-29.0749799,-2.780822655,-14.3458163,,-0.063698897,13.520694,14.70942987,,13.33029294,0.854394812,-7.23809993,-20.93300006,-21.61899171,4.830481836
28-09-12,11.40864813,-29.62712589,-2.857055281,-14.91966935,,-0.14380817,15.16798164,13.7966794,,13.8194851,1.215098378,-7.641398566,-20.36832304,-21.34477654,6.462004774
05-10-12,10.61985174,-30.59794392,-1.272236283,-13.83778046,,2.412584608,16.85471738,13.71737921,,13.57472772,3.124906263,-8.674247453,-20.53370573,-22.92373141,6.606078775
12-10-12,11.94130592,-30.25861666,-2.441815449,-13.62104202,8.172147634,1.98875837,15.75217996,15.26948533,17.64253952,13.20429025,2.386193076,-8.213080927,-21.4559791,-24.39774346,6.962639528
19-10-12,11.45010006,-29.18338718,-1.754397276,-13.68184315,,3.011878209,16.87470562,14.82038186,18.61725308,14.35784212,2.70804582,-8.628089612,-22.42516762,-21.69115743,7.398526253
26-10-12,11.62336508,-28.77977593,-2.532501416,-16.03785099,,1.751934907,18.23521859,16.72221001,15.83516727,14.93885952,4.066311532,-9.771141562,-20.75527863,-22.56740043,6.665116948
02-11-12,11.01683868,-28.47434079,-2.103826139,-14.76826834,,1.582480554,18.78227581,15.88145482,15.08563297,14.730398,4.456275938,-10.65235034,-20.32927783,-20.77076509,7.21609438
09-11-12,12.53098233,-28.32067652,-3.36290597,-14.67648204,,2.257804644,20.09689069,16.69304061,14.01716788,14.93609829,3.506599581,-10.97451315,-22.49086938,-21.29552596,7.816323648
16-11-12,11.5672029,-28.58075013,-4.286834083,-15.27189628,8.388935224,1.263366418,20.13172623,16.19520611,13.82497588,14.29965668,4.452351922,-9.852199529,-21.86648929,-20.72943596,8.699158772
23-11-12,11.93209872,-29.67436794,-4.452865192,-15.30227594,,2.057518421,19.23452051,14.56983295,13.42765574,15.06240014,4.488388852,-9.681303476,-23.22162775,-21.09453576,7.478091462
30-11-12,12.12960979,-30.66118375,-4.602978826,-13.17407308,,-1.251510836,19.83265639,13.33930933,13.42148922,17.40734865,4.931823359,-9.555828541,-21.32961943,-21.4428672,5.8518176
07-12-12,9.258602448,-29.23438244,-3.233138483,-13.05639104,,-0.463483757,19.25031176,13.83211625,13.17882072,16.77986533,4.406802628,-9.826995657,-22.47207232,-22.21886074,6.305757025
14-12-12,10.24931154,-30.58164186,-3.17442599,-11.90083522,5.798842773,1.668320288,19.94517787,15.17985298,12.42855805,18.44234028,5.331610039,-9.317823866,-21.76601011,-22.34448878,5.402075287
21-12-12,12.48008849,-32.5712354,-4.289074296,-10.99352045,,0.736832205,19.6308248,15.77228883,11.06792101,20.17545473,3.519598002,-8.445926121,-23.52785819,-22.70135877,2.084997357
28-12-12,12.53094582,-32.70785814,-5.125207852,-10.32991366,,0.90835242,18.90244277,15.19031556,9.146553641,20.81816682,3.955226447,-7.438112237,-23.93890397,-22.99340829,-0.009944873
04-01-13,11.80328265,-33.33449418,-4.311368245,-9.33188591,,-1.340252314,19.95594596,16.74702365,7.353570907,22.13775214,5.404583261,-8.24119314,-24.40698945,-24.14298564,-1.775511125
11-01-13,12.86352457,-33.87544976,-3.516136194,-10.4128091,,-1.689555691,19.53330201,15.71524669,6.237903605,21.6685137,4.803570872,-8.728423653,-23.86712563,-24.18562632,-1.634887881
18-01-13,12.33718393,-33.93087024,-1.774499424,-10.80867487,0.065293098,-3.405501168,21.50226191,16.30420736,6.773991232,22.55202641,4.009664318,-9.484319941,-23.79809274,-24.20436109,-3.201954817
25-01-13,13.67405953,-32.97392582,-2.505969751,-10.88321573,,-4.715623327,21.83986455,18.23026977,9.085008679,23.75199071,4.354470542,-10.35451835,-22.54959511,-24.05768646,-1.573978826
01-02-13,15.57920367,-33.21114975,-2.121162491,-10.72382768,,-5.114601373,21.32167467,19.1312359,7.73288667,23.45433334,5.321591424,-10.90323905,-22.81354379,-22.24771645,-1.025720107
08-02-13,15.77273721,-33.31537765,-1.755988308,-9.546620639,,-4.889688758,22.08001059,18.87263555,7.416228788,24.40150257,6.792427348,-11.38525766,-21.92253703,-24.85657218,-1.850833345
15-02-13,16.5345451,-34.05328339,-1.772443049,-11.20634601,,-4.77863708,21.41298778,20.89544813,6.257970099,24.72259737,5.757180332,-12.00232356,-21.11886848,-23.72553424,-1.958904276
22-02-13,16.84715789,-35.06697341,-3.101090407,-12.25490856,-1.399780738,-6.393539372,21.35229552,20.65748071,5.26924192,26.7547331,6.067215704,-11.95951025,-20.65458716,-24.82510076,-3.120310552
01-03-13,16.86041769,-33.78911856,-2.807535789,-12.91485746,,-4.990454093,21.29409296,21.33328796,5.13283272,26.84636625,4.241934162,-14.32881092,-20.29029965,-25.32210839,-2.193622488
08-03-13,15.97002777,-34.1639704,-1.167494422,-12.48162884,,-2.727595733,21.18966736,21.17934133,5.905707998,25.40779828,3.137425869,-13.76613962,-18.9787217,-24.54811668,-1.805345729
15-03-13,15.63213068,-34.08110446,-1.708220692,-10.17330263,,-4.160167311,21.8997682,23.20415995,5.827508385,24.95054346,3.052995562,-12.506669,-18.76827045,-23.86796755,-1.995859808
22-03-13,16.23874175,-34.1644974,-4.27757404,-6.800312327,-4.313692109,-4.578404065,21.6544551,22.08623417,6.092572283,23.54685547,2.278293873,-12.91964006,-18.16164419,-25.03818582,-3.246400964
29-03-13,16.36440726,-35.09458105,-4.434426041,-6.627653948,,-2.822692583,20.22143047,23.19907904,4.984766858,23.90965021,0.667378491,-14.39832698,-18.44724051,-26.68413728,-4.170742938
05-04-13,17.65263754,-35.57894714,-5.021446017,-6.191762096,,-1.999615137,20.50472855,23.15659029,5.272739701,22.96164357,-1.174305522,-15.45197741,-19.90694719,-26.98968141,-3.728967218
12-04-13,18.55971326,-35.89655207,-5.104381416,-5.048828716,,-3.077523484,20.64553332,24.62072454,5.084143799,24.3681404,0.887288065,-16.49490896,-19.92872636,-27.74149568,-3.499144343
19-04-13,19.8305315,-35.31713372,-5.624502784,-6.434149944,-5.48263027,-4.405036034,19.20528851,27.28194369,6.320864502,24.38074257,0.06566205,-18.03278337,-20.07969862,-28.55522767,-4.474728415
26-04-13,19.10175512,-34.07472716,-5.512231263,-5.844456355,,-3.860830335,18.7119632,26.18855685,4.884583241,24.54976047,0.047222494,-16.30159411,-18.3251585,-29.45244619,-4.744183339
03-05-13,18.60617023,-35.86424337,-7.415040966,-4.620518574,,-5.070191536,19.60018982,25.14147632,6.139220544,25.44499888,-0.996045414,-16.25488079,-16.5777709,-31.57121895,-5.495115245
10-05-13,17.23925831,-35.58389544,-6.418227015,-3.927641662,,-4.132146088,16.54576575,25.35393416,8.236621084,25.37984763,0.048842464,-13.85694124,-17.75146614,-30.35531024,-5.852751351
17-05-13,18.49478953,-34.92554128,-6.310109705,-2.639278227,,-5.205545864,17.62687044,26.81352076,8.78964414,25.53981616,-0.957806746,-13.39251999,-16.88190946,-29.16359751,-6.648727197
24-05-13,18.27416785,-34.20250636,-6.019611336,-2.731735779,-0.238854303,-5.69725774,17.40797999,26.72122035,7.793125819,26.08657813,0.212905601,-13.18627721,-15.57932411,-29.30720828,-8.434547854
31-05-13,18.5884996,-33.89493318,-6.146639871,-2.122459634,,-4.033238347,17.56251058,27.41093881,7.379421709,25.76049515,-0.520177184,-13.0570651,-15.22372482,-29.90720065,-7.954189567
07-06-13,17.80192582,-34.22382323,-6.938312709,-1.888781738,,-6.052044331,16.79932459,27.87035337,6.844017711,26.74702281,-3.097185699,-12.40645291,-15.73100703,-30.87476765,-6.758998176
14-06-13,17.47443944,-34.61413179,-6.859012636,-3.188332751,,-4.62284626,16.4924872,28.30586684,6.787681125,26.8908606,-2.414137865,-11.07363224,-16.20834159,-30.07901534,-7.975642555
21-06-13,17.96499729,-34.60445524,-5.25309807,-5.000091145,1.244415505,-3.048001436,18.13819678,28.32491513,5.676834019,26.81581277,-3.673018724,-10.01261003,-16.23961172,-29.7287037,-7.618013066
28-06-13,17.41818505,-34.47349309,-4.828302134,-4.71332171,,-2.991566967,17.78074708,30.49687368,5.433399329,26.57063018,-3.190831687,-9.0647778,-16.38812348,-31.83339444,-7.325065354
05-07-13,15.56151029,-34.30597054,-6.324462892,-3.314731978,,-2.702308835,18.25330137,31.12647142,7.337716449,25.38073152,-3.978783626,-8.121088502,-15.67525944,-30.0827681,-8.819448968
12-07-13,14.80488825,-33.03232224,-6.154706413,-3.217270911,,-2.833849414,19.05698943,32.07019505,6.262898934,24.43651878,-4.390039518,-8.669711468,-15.75195298,-29.50165924,-8.939601581
19-07-13,15.24683147,-33.97735481,-6.681263025,-2.597748954,4.065968664,-3.006198667,18.13898228,32.76905955,6.823889694,25.71299814,-3.932644262,-8.244313759,-14.5232626,-30.21285297,-9.599528614
26-07-13,15.40792965,-33.67130974,-6.688486361,-4.57080567,,-3.117117663,18.76250594,31.88365644,6.11693107,24.74696192,-3.709824825,-8.029011465,-15.91451905,-28.52059733,-9.224715798
02-08-13,15.34785663,-34.02948751,-7.187648643,-3.599357135,,-3.757738619,19.1808878,32.80084225,5.362514715,26.27738731,-4.061896345,-7.484660349,-16.35853646,-30.17459254,-7.676201073
09-08-13,14.16093328,-33.9528357,-9.003789794,-3.222131298,,-4.022926619,19.60971443,32.80465832,4.660026564,25.69319264,-5.339239943,-7.051356537,-15.93939381,-30.18350772,-7.676442759
16-08-13,14.47496315,-33.93147098,-9.633689902,-3.889427502,,-1.633582762,20.13512528,32.29901023,4.444233788,25.20585377,-5.057805044,-5.691702596,-15.49426537,-31.06578712,-8.705093646
23-08-13,15.84895554,-33.93404421,-10.72399771,-4.697003236,7.691141007,-0.464813448,19.31755609,32.22228272,4.065976855,24.39141394,-5.657157553,-8.009866814,-14.1519063,-31.43732992,-8.143823307
30-08-13,16.13087138,-32.5563791,-10.74464968,-5.821048723,,-0.789412412,20.3108977,29.55049741,3.949069696,25.40537722,-5.108890725,-8.394332797,-15.8349847,-31.23002376,-7.507941824
06-09-13,15.4846437,-34.02018736,-11.59148807,-6.472621713,,0.100168651,19.29354483,27.42766586,4.37069592,26.03246614,-5.304057863,-8.301504614,-15.27890104,-30.30741068,-6.185666292
13-09-13,14.77813767,-35.2443433,-11.5533901,-4.870321586,,0.41725693,20.04834901,28.39300287,5.401742899,26.73411018,-5.735614801,-10.68606999,-16.40661982,-30.15879405,-7.321024194
20-09-13,14.30675846,-35.01341366,-11.22909414,-5.394115719,9.204210896,-0.158121482,22.43911814,28.39048349,6.371097716,27.88517007,-6.573149626,-8.747551434,-16.35996276,-33.22197393,-6.693725963
27-09-13,14.26946745,-35.39069748,-10.96298058,-6.652109614,,0.275085177,24.38403643,28.08088799,7.581884441,28.37021995,-5.724528673,-9.014259904,-17.44898251,-31.67204126,-5.824705455
04-10-13,14.52307675,-34.42254431,-10.69876572,-6.661999334,,0.921580221,22.69275832,28.25900503,7.823939574,29.51929065,-6.772114112,-11.57061127,-17.22637832,-32.75679167,-4.237018773
11-10-13,14.8830295,-34.06050531,-10.9897076,-6.06225693,,-0.632761059,24.38011229,28.1329443,8.47333203,30.21591594,-5.754418189,-13.27685486,-16.99217657,-30.30847487,-4.139017488
18-10-13,14.26944401,-34.19780936,-11.20544357,-6.593603287,8.172147634,-0.573954009,25.76462633,27.43789857,8.401207333,30.10880497,-6.687571544,-12.57458568,-15.49206746,-29.69229545,-5.418644958
25-10-13,12.76804619,-34.27257925,-10.64622205,-7.986651046,,1.399240774,24.8181467,26.00640972,7.764316753,30.31881275,-5.971392187,-12.56777354,-15.13574707,-30.99823834,-3.738297527
01-11-13,12.74442323,-35.2224645,-10.70246098,-7.227462187,,1.283361145,23.84814478,26.98770626,8.792688247,30.21687339,-5.553937273,-11.88814118,-15.06702823,-30.28860426,-3.203413182
08-11-13,12.94752315,-35.54089977,-10.81222654,-7.283324666,,1.323575603,22.77113623,26.7593615,9.790491728,30.22472339,-5.47549517,-11.0979733,-14.75358114,-28.73102836,-4.055761047
15-11-13,12.88181147,-35.24427139,-9.978399114,-8.208315634,,2.409137965,23.04120008,27.37708026,8.906457607,30.68970109,-4.947365687,-10.42284655,-14.93124129,-29.76831046,-3.837473547
22-11-13,11.217727,-34.21119958,-8.62567958,-7.871121917,8.388935224,2.621147373,22.26303024,27.71380761,8.423905369,29.45212741,-5.790912654,-11.63192432,-15.2174901,-29.46278348,-3.693121761
29-11-13,12.8840949,-32.40772793,-7.926017026,-6.913193332,,3.774017818,23.95712514,28.3014729,8.137521589,30.46937569,-5.735320078,-9.750004813,-13.19238957,-30.92452063,-4.818159871
06-12-13,15.81542073,-33.71074207,-7.567615258,-6.917371005,,2.656245231,24.06102476,29.43338729,8.404372289,31.94132934,-6.979607319,-10.13066847,-13.10153302,-29.52580602,-4.409302949
13-12-13,14.5315389,-33.69194646,-6.873405549,-7.862219785,,0.665024287,22.37210143,29.02762929,6.34595239,32.45781001,-7.127338304,-10.33095648,-14.14981292,-29.11872122,-3.914206373
20-12-13,14.14085822,-34.15586052,-5.885423205,-8.035852697,5.798842773,1.373014485,22.32775577,28.84131658,8.24798546,33.15158597,-4.998206492,-10.38115871,-13.38960937,-29.61050183,-1.69532271
27-12-13,15.26516348,-35.32321323,-5.423372529,-8.486724805,,-0.47278735,21.92125968,28.09195138,7.039928089,34.12575764,-5.336049165,-10.1092386,-12.84316212,-30.53323131,-2.867026865
03-01-14,15.25832111,-34.91886115,-6.311456053,-8.814950498,,-3.474388455,23.02147233,26.5810987,5.439976541,34.26511204,-3.412361985,-10.2732502,-12.45365769,-29.17261692,-4.014420492
10-01-14,16.34126821,-32.47432205,-6.34271545,-8.624823392,,-4.681682625,22.02785855,26.69876019,6.549090113,34.70318786,-1.152158441,-9.966195485,-13.6709203,-29.23291577,-3.698664187
17-01-14,16.67277421,-32.7316235,-5.278136497,-8.734367038,,-4.244128396,22.88556569,27.79121586,6.715229617,34.87272716,-0.821372208,-10.94766343,-11.05813249,-30.0709242,-4.481269257
24-01-14,18.88899185,-31.01727283,-5.980294155,-9.125314555,0.065293098,-5.003283861,23.93316752,26.48934564,5.5715682,33.46079486,0.43846163,-10.20359475,-10.88039565,-29.51522805,-6.038231417
31-01-14,18.45861694,-30.04839836,-6.037502091,-9.307271101,,-3.167328552,24.55051323,25.92462484,7.043652692,32.4140486,0.90477366,-9.055688707,-12.91588715,-27.79587521,-4.939798087
07-02-14,17.45879909,-30.46445568,-5.799013054,-10.77254467,,-2.150638382,25.6749306,25.88240043,8.175613246,32.27367585,0.056079587,-9.426972464,-14.32552644,-28.58768229,-4.899028918
14-02-14,15.96925278,-30.13514803,-5.095650478,-11.16160078,,-3.359089956,25.11131098,25.57640223,8.337623825,32.04829293,-1.470973006,-10.50857858,-14.88003427,-30.44773975,-5.682635022
21-02-14,15.69928388,-30.50959503,-5.64999807,-10.46225869,,-4.205477219,23.16577202,25.26657371,8.436257451,32.75872661,0.34631765,-8.904401966,-14.88926735,-28.51970271,-5.153135914
28-02-14,16.52523523,-31.52676883,-5.504277516,-10.58177505,-1.399780738,-1.770092247,23.14317995,25.73012272,8.282973006,32.27995576,1.845725641,-9.427660301,-13.94024716,-28.68343412,-6.822971801
07-03-14,16.40516052,-31.79044841,-5.321623605,-10.42227699,,-2.53911677,23.29281079,24.65599368,7.77820526,32.8588835,1.267250941,-9.138684102,-13.69031521,-29.02790893,-7.776198199
14-03-14,14.51451523,-32.02307276,-4.241933465,-10.76985757,,-2.587789087,22.51364828,25.95201392,9.28237742,29.8708203,1.145120966,-8.103435091,-13.2271344,-29.51419159,-7.920865502
21-03-14,15.70350563,-31.90657955,-3.216269873,-12.12692612,,-2.955913546,22.40201729,26.246689,8.934427765,28.02235748,0.823153152,-8.559517912,-13.40849555,-29.89821571,-7.292220985
28-03-14,17.08429361,-31.09248895,-3.023866085,-13.91436703,-4.313692109,-1.963507721,22.0536493,27.34430644,8.109915269,27.5671129,0.45232482,-9.826363854,-13.43840282,-28.53859955,-7.528889116
04-04-14,15.90597647,-29.24714324,-2.657265301,-14.10193696,,-0.657039585,21.56619886,26.87852795,9.773326397,29.60130534,0.730435116,-9.307730057,-14.76276813,-30.16883191,-7.266048638
11-04-14,15.92007906,-27.94352345,-2.311148576,-15.22440249,,-0.827904884,21.48456691,26.39724148,9.582686888,31.96328034,-0.849199865,-8.120758897,-16.58311717,-29.41653079,-7.985492204
18-04-14,14.72130555,-28.0844711,-2.085957995,-14.50867326,,0.023777872,20.92917753,24.05624108,9.640555007,32.40753486,-2.162892163,-7.517718682,-15.44433507,-29.28624039,-7.12189003
25-04-14,16.44809519,-27.38748859,-2.456942571,-15.1732685,-5.48263027,-0.322805596,21.18457294,23.43686977,9.223165618,32.23931666,-2.814549563,-9.977567534,-15.37017399,-27.8426736,-7.674024153
02-05-14,16.67703663,-28.73869293,-3.564639909,-13.55881629,,-0.79669636,20.5722096,24.30971378,9.143333734,31.31778331,-3.822004744,-12.0142832,-15.94019746,-28.50094824,-7.965839069
09-05-14,16.92597675,-27.694147,-4.06835383,-14.4145571,,-2.132773694,22.23651845,25.4527477,8.563997793,30.9886111,-4.929943507,-11.93804113,-15.94147636,-27.26644296,-8.95700859
16-05-14,16.49004447,-30.21500532,-3.939908665,-14.35553625,,-2.047129001,23.88881121,27.05376657,9.420746279,32.39474256,-5.805913801,-9.326225176,-17.10465796,-28.54445768,-8.522338935
23-05-14,16.72431587,-31.53294035,-2.861190886,-14.44796291,,-1.70569666,21.73312351,28.07273866,9.321867759,33.56886711,-5.287927663,-10.08900483,-18.61227023,-29.24103076,-7.751579648
30-05-14,17.90937497,-32.59104447,-4.380835724,-13.9833546,-0.238854303,-3.006396398,22.53154189,29.21020452,10.52143562,33.35018543,-4.242560781,-10.62861829,-18.26130979,-29.94626613,-9.515217271
06-06-14,18.46007135,-31.610098,-2.856990342,-15.18610903,,-2.355737318,22.20386875,30.24306315,11.29172021,33.33799138,-4.41273118,-11.49664614,-18.90966799,-30.17253758,-10.70043547
13-06-14,18.32236974,-32.48161468,-2.349508881,-14.79440852,,-2.281278344,22.85910633,29.9429985,11.89304453,33.35733153,-5.665521404,-12.72849844,-18.04103796,-29.72225854,-11.85211651
20-06-14,18.81007846,-30.85883748,-1.99735644,-15.65091807,,-0.899565287,22.88477214,29.08293965,11.55529461,33.4704256,-6.799190537,-14.28515333,-18.03442509,-30.39073011,-13.14211151
27-06-14,20.24069562,-30.20101271,-2.58616724,-15.98369036,1.244415505,0.468525281,24.05698276,28.97958256,11.98491808,34.05122879,-6.16859466,-14.68479172,-18.47062539,-30.07582101,-13.15714409
04-07-14,18.98357098,-29.17653848,-3.271859138,-13.61728907,,0.163064269,25.30341602,29.95602388,10.77949324,35.95181694,-6.845000727,-15.94236369,-18.36821376,-28.92340306,-13.86497068
11-07-14,18.35041635,-28.19371504,-3.735261096,-14.32748636,,2.783350457,24.18236711,28.96609249,12.92514723,36.48521082,-8.727065578,-18.7624311,-18.35986922,-28.9982315,-11.12066105
18-07-14,19.0637455,-27.8099296,-5.031622857,-16.15577731,,4.250763742,24.85923096,28.17179058,11.87953957,38.26145782,-8.335917308,-18.01745922,-18.73599038,-30.00542416,-12.69006973
25-07-14,18.90548967,-28.72354271,-4.440062242,-14.65971053,4.065968664,4.883739842,25.38202092,29.17222205,13.37947289,38.34122092,-7.720715233,-17.99329468,-16.90805862,-29.52996156,-10.93068923
01-08-14,19.53014417,-29.10934443,-4.329447603,-14.92474006,,3.730032813,25.88135194,27.38303483,14.63768296,39.75525316,-9.04320365,-18.94308487,-14.65677865,-29.36861624,-9.441072132
08-08-14,19.73020906,-27.71445698,-3.710234152,-14.61360144,,4.276977008,24.39129209,27.68622702,13.19365614,40.23752462,-8.122817181,-21.50984988,-13.28099636,-31.06348575,-8.383359277
15-08-14,19.15576215,-26.86068067,-4.225795525,-15.64143054,,2.957485645,23.98632485,28.08547965,13.03310134,39.08404353,-8.634048274,-21.70359373,-14.89361263,-30.23712724,-8.601530597
22-08-14,19.87785239,-27.65631352,-5.552285447,-14.66585952,,3.308323482,24.66843699,26.54229201,11.28128348,39.39014356,-7.701208232,-19.99166647,-15.81555101,-30.4391009,-8.620879121
29-08-14,19.48666833,-28.59666023,-7.058104003,-15.54149179,7.691141007,2.308621417,25.92760688,27.06289203,12.06565291,38.27935521,-8.696610881,-19.91850761,-14.91101198,-30.43483807,-8.880707039
05-09-14,20.03263613,-27.82099144,-6.43209372,-13.5397319,,3.694750116,26.31843271,26.22496681,12.03585956,39.11785414,-7.633857774,-19.57936772,-13.90742238,-31.32692489,-9.465580395
12-09-14,19.50666046,-27.79066044,-5.119631707,-14.55981832,,3.502275851,26.03598215,27.47604275,11.8450586,39.4944236,-5.485445664,-19.54905232,-13.80184827,-31.91363627,-10.68599763
19-09-14,19.31015347,-28.11184312,-6.077779302,-13.58428684,,2.842526454,26.74830564,26.61418992,9.664375674,37.5379811,-7.26987458,-18.59272125,-13.725464,-32.18184349,-10.68800398
26-09-14,18.32788929,-28.94172733,-5.295342563,-13.37909839,9.204210896,2.347574971,26.4698389,27.55348,7.919239664,37.17392191,-7.837076895,-18.56957466,-15.29902898,-33.36198374,-12.2361385
03-10-14,19.26555371,-31.49612766,-5.146750509,-13.95219404,,2.444882082,27.16645253,25.27442226,7.946754409,35.3589958,-8.51960906,-18.83034959,-15.09496546,-32.42515725,-10.58620402
10-10-14,19.87641978,-29.14348482,-3.678029588,-14.58688719,,2.713503005,26.84305287,24.50919027,8.996804943,37.01212445,-8.2627148,-19.10927456,-14.76740382,-32.41320574,-10.94253588
17-10-14,17.70496213,-29.07719355,-2.701442259,-14.10252971,,3.725437089,27.95160566,25.04356143,9.907592759,36.94955037,-7.356448188,-18.37505843,-14.90497716,-32.95109061,-9.881121665
24-10-14,16.4651374,-28.67516393,-2.240718506,-15.21498638,8.172147634,4.354664601,27.29187962,22.38641723,11.27204955,36.18874714,-7.654106385,-19.21672086,-13.72068953,-34.46951995,-8.080643558
31-10-14,16.58933303,-26.99702266,-3.103801607,-15.28242429,,2.667260825,27.2342135,22.41468007,11.4018852,36.12779453,-9.110943276,-19.0945779,-12.45328808,-34.56109499,-8.836260253
07-11-14,17.98924063,-25.94643098,-3.634845278,-14.91132283,,4.672794694,27.77820838,21.9855454,12.91122516,36.97382122,-11.07770077,-20.87125599,-12.13919528,-33.13241193,-8.001184518
14-11-14,17.54028103,-25.67078478,-4.726466319,-16.3409698,,5.037390585,30.64593115,22.49286615,13.93296986,37.23300838,-9.463474978,-19.69828345,-12.36344248,-34.69322765,-7.624332688
21-11-14,17.9621798,-25.96836396,-5.194465857,-14.89230516,,6.065193444,30.92145347,23.72565336,15.4818576,40.14968813,-9.702794127,-19.73461207,-10.82146308,-35.09716178,-6.375270276
28-11-14,16.73969007,-24.39123288,-4.422878394,-16.83339478,8.388935224,5.003235347,29.83555311,23.66317907,14.09325923,39.34444479,-10.24795932,-19.84392321,-11.51145627,-34.66464245,-6.151148301
05-12-14,16.18557662,-25.49892176,-4.551993978,-15.57650717,,6.896617327,29.14395078,23.22971215,14.29214882,38.16391896,-9.769900227,-19.04295296,-12.41144302,-33.79591392,-6.822938796
12-12-14,15.97878702,-24.58785751,-4.014773232,-16.23721689,,6.980387264,28.0865904,22.23352458,14.81625139,37.63165152,-8.430454043,-17.88351108,-13.57228799,-34.61539145,-4.830019842
19-12-14,16.94695587,-24.49526236,-4.077916956,-17.32440725,,6.080128813,29.34294224,24.26802711,14.22571715,36.78666242,-7.644942364,-16.51689012,-13.40101223,-35.49944244,-4.492916508
26-12-14,16.08699953,-24.05934068,-3.736577174,-19.37656881,5.798842773,6.006481221,29.33455024,24.52922034,12.94410116,34.78994708,-8.799960849,-16.74541517,-13.9695251,-35.87129267,-3.331844253
02-01-15,13.84148444,-23.72056361,-5.030031109,-18.09993926,,4.346196113,29.98381254,24.32576082,12.15809437,34.75911088,-8.616602248,-16.20785663,-15.98711289,-34.65562059,-2.98049356
09-01-15,13.91621301,-22.0080388,-3.947848139,-18.66607617,,4.655494818,29.40722902,25.13929335,12.28871828,33.76594287,-8.664941616,-14.60448449,-16.70580336,-36.68675773,-2.844799445
16-01-15,13.0468824,-22.32426281,-3.995305026,-19.16763603,,5.313965032,29.64027087,25.22792951,13.41606106,32.67139824,-8.660448546,-13.36522694,-16.74200867,-37.88176423,-1.31756671
23-01-15,14.44692578,-21.88120916,-3.141352768,-17.82683986,,4.85105594,29.03124816,26.20323647,12.68747232,32.91448534,-8.809706562,-12.98778341,-16.63722929,-39.42620505,-1.819786377
30-01-15,14.13046126,-22.41036332,-3.75236419,-18.7569285,0.065293098,6.992105566,30.28887313,24.63918261,13.2955351,31.29201921,-6.472086966,-11.43808318,-17.53141551,-38.44684383,-3.47244267
06-02-15,14.08624443,-23.25401278,-3.616530502,-19.95565797,,5.792280237,30.65813828,25.56409023,12.38133127,30.19670285,-4.051500269,-12.62374561,-16.27359832,-39.04431294,-3.995734315
13-02-15,13.92107708,-22.47874954,-3.208715297,-20.28493889,,4.798264493,30.75134934,25.82540675,12.87563825,28.67953614,-4.127396081,-13.56506498,-16.52403942,-39.67936924,-3.482477812
20-02-15,12.0027219,-21.01917819,-1.292130435,-21.79631068,,6.213616639,29.34705618,27.04707072,12.27200479,27.5916983,-4.043268376,-14.41636654,-16.44386691,-39.05685727,-3.234099647
27-02-15,14.65401515,-20.96390826,-0.643936342,-22.94952238,,5.31882423,27.45633241,27.35896544,11.65164936,27.2651455,-4.676642982,-10.89119792,-15.45510942,-40.57909433,-3.177204267
06-03-15,15.9337113,-21.83367165,0.301095455,-23.09196553,-1.399780738,7.623092707,25.71180628,28.40078758,12.2575888,28.42469738,-3.047885661,-10.88501659,-16.20403484,-41.43966928,-3.524320391
13-03-15,16.28647383,-23.62524086,-0.360053896,-22.71747517,,7.192537172,25.45811661,27.50983079,12.84911702,28.42633657,-1.850397104,-9.917500317,-17.96397355,-39.98022602,-4.755745758
20-03-15,17.47929496,-23.16125917,-0.186425218,-22.98408843,,7.054881109,26.50447325,27.13551536,13.22142088,28.4583625,-1.718945006,-10.62921282,-18.32788286,-38.96233196,-4.601519245
27-03-15,16.92307992,-22.78078552,-0.109865423,-23.57489616,,6.858262093,27.19415555,26.33314495,12.88463205,28.5916554,-2.716549275,-10.2301414,-20.78812189,-39.21841587,-5.11124646
03-04-15,17.14410529,-23.56793562,-0.901763852,-24.40908998,-4.313692109,6.646678278,28.46809762,26.69258533,15.45165279,27.1500673,-4.000548376,-7.872350712,-22.25061637,-38.14587201,-3.561124774
10-04-15,16.76026783,-22.15131262,-0.418665426,-24.135656,,6.78731129,27.57018634,27.34241904,16.33601983,26.56581633,-3.185646601,-6.682768319,-22.80242231,-37.68253472,-1.926321218
17-04-15,15.76281105,-21.58250179,-0.393149666,-25.95675308,,5.195249238,26.86344748,27.13138253,18.53340251,26.9602954,-3.357890619,-7.54829759,-22.1918948,-37.19430448,-2.974274819
24-04-15,15.44381975,-22.34437418,0.19970403,-26.30691435,,5.852380472,27.45226323,26.742489,18.73456977,27.43031124,-2.803155024,-5.54220598,-21.8998182,-37.0536117,-3.97952547
01-05-15,14.96102753,-22.48437804,-0.332805453,-25.70076092,-5.48263027,6.110689367,28.15661609,28.0348049,21.31424681,26.89912079,-1.740134717,-4.997746648,-21.63174496,-37.49993203,-4.475446044
08-05-15,15.8975045,-23.32094978,-1.252409162,-25.8257793,,6.076191879,27.69011644,29.03939468,20.23776153,28.33918293,-1.082523575,-4.149625572,-20.38248053,-37.47706735,-4.171479087
15-05-15,15.54623906,-21.73434615,0.221636444,-25.60180252,,4.809640576,28.43898746,30.51005148,19.61895108,29.46244664,-0.859397182,-3.984225882,-20.27943873,-38.22832066,-4.221083791
22-05-15,14.45086724,-21.94374057,-0.091430324,-24.60772349,,5.417841472,28.88125932,29.78407581,20.01548589,27.56417411,-1.375183129,-3.221010623,-21.09885496,-37.98312187,-4.767229265
29-05-15,14.85683968,-22.52618609,-0.73331456,-24.45473151,,3.840216713,29.11598721,28.82337698,19.8665918,27.58167822,-1.424030692,-2.08401822,-22.02048688,-38.81108055,-4.927364503
05-06-15,16.26289546,-23.09071077,-1.351866694,-24.51078652,-0.238854303,4.288408497,29.77759277,29.4376929,19.44609413,26.08702167,-0.637869048,-2.815066618,-20.209662,-39.90187557,-4.88783073
12-06-15,16.11373689,-23.96811216,-2.056513309,-23.26405397,,4.161860792,29.71079148,28.92564891,20.18592323,25.53823668,-1.228495807,-2.7691371,-20.87956232,-40.39849071,-3.174167785
19-06-15,14.45418982,-24.86376276,-1.836792295,-24.70985553,,4.254442807,30.51758101,30.30318667,20.49258537,25.40231722,-1.0851916,-1.991567667,-21.59206235,-39.62449132,-2.047663943
26-06-15,16.36778464,-24.26104968,-1.887843677,-24.58783029,,3.901167485,30.68166545,30.58878312,21.46458972,24.95308185,-1.820634994,-1.861913874,-21.90254066,-39.371825,-1.587873208
03-07-15,15.73910184,-25.57006166,-2.006999908,-24.6445816,1.244415505,4.080849031,31.52326764,29.86387885,22.4348151,25.55395234,-2.545971764,-1.360167036,-21.3536301,-39.73723402,-1.093535264
10-07-15,16.22970462,-25.76783451,-1.495072323,-25.37918314,,3.352990781,30.39814392,31.15228493,20.5957434,25.20941436,-2.677176297,-1.881479792,-20.31300501,-41.3832379,0.114341105
17-07-15,16.1876248,-25.3344098,-0.970095288,-26.70260825,,4.158819968,30.81753633,30.81272319,21.40181598,24.9821578,-2.255311345,-2.031199764,-21.58894501,-41.06168125,0.956377276
24-07-15,15.95576989,-25.41216108,0.601610666,-27.30093939,,4.840517838,29.9131399,30.57308546,23.17447938,24.78527383,-3.315406895,-2.911261962,-21.64889429,-40.41539293,1.61729443
31-07-15,15.62752716,-26.54322784,2.554029983,-27.11231339,4.065968664,6.780184926,29.06654129,30.67494869,21.52368398,24.70888272,-1.71793995,-1.762545773,-22.59061086,-40.68017164,3.737556557
07-08-15,14.30514119,-25.93639413,1.950522327,-27.65882775,,6.739510737,29.14492349,30.66211378,20.11857862,23.78080823,-2.945209931,-0.993388379,-22.47258782,-40.16832231,4.225104958
14-08-15,13.82868297,-25.75595912,2.377886198,-27.23058317,,6.871666716,30.72796073,30.27521982,19.38997374,21.55194521,-1.886125286,0.025522017,-22.84855282,-38.72434409,2.851440244
21-08-15,14.18247012,-25.99818808,1.084817881,-27.28258841,,6.611332436,31.32143725,30.92738775,18.95847233,21.26159704,-3.265280526,1.092035381,-22.55017502,-38.70126423,2.27233848
28-08-15,13.65955754,-27.09648666,0.711835903,-26.46172212,,5.1934821,32.43739688,32.36036974,20.09709769,21.54511986,-2.720209643,0.82852651,-23.94803618,-38.82330863,3.152448111
04-09-15,14.8197101,-27.07747468,0.445823626,-26.73666208,7.691141007,5.299246014,33.33275185,32.63687998,19.63216743,20.41848029,-3.380662981,1.70146686,-25.48385172,-39.24218053,2.637563163
11-09-15,14.46592719,-27.01954998,0.576056533,-25.88289661,,4.162654013,33.8596796,33.05371021,20.16573406,19.99873086,-3.280416981,0.951503829,-25.52029464,-39.88611932,3.385583655
18-09-15,15.59012674,-28.56804714,0.386610995,-27.01376112,,2.468694225,33.23224612,33.45040473,19.81827014,20.7388936,-4.525700594,0.677883233,-26.36414877,-40.42966797,4.777071872
25-09-15,16.52670803,-27.93365834,1.316819381,-28.61849209,,1.903051609,33.58386469,33.26071228,20.53956655,18.70996399,-4.886209446,1.49254176,-27.12885367,-40.6478161,3.72251634
02-10-15,14.83299457,-27.53994959,1.685260092,-28.02590607,9.204210896,0.586522656,33.5449363,33.25244016,19.60481173,18.47597601,-5.830411807,1.690767158,-24.99927336,-39.91642307,3.753581693
09-10-15,14.27429124,-29.52600881,2.083581601,-28.46423859,,1.039557087,31.83947477,32.7570487,19.22826731,19.39735954,-4.839561806,1.429177367,-24.36652744,-41.59432951,4.188740019
16-10-15,14.31439926,-29.87457066,2.682105951,-28.47727788,,0.125822321,32.84544641,33.73598408,19.35763211,22.5735517,-5.013241772,3.150238658,-24.90440094,-41.51021012,5.230956882
23-10-15,14.08625488,-29.55305117,3.175229506,-27.15648493,,-1.908059104,33.06768786,33.20811204,18.42381901,22.65847033,-4.391397224,2.625909161,-25.16327224,-42.55461945,5.794450018
30-10-15,14.83625653,-28.87589879,3.49294629,-28.55844675,8.172147634,-1.466657684,31.87842301,34.32448268,17.48064502,21.83351277,-4.13577606,2.643488383,-23.9686838,-41.2417914,5.384388031
06-11-15,14.79657343,-29.0941573,4.075442083,-28.00849441,,-2.269121421,33.1275006,33.25068617,17.64568003,22.74565034,-4.146719088,3.409296007,-23.69585224,-42.45680855,6.828171971
13-11-15,13.95196829,-29.11264871,4.468695587,-29.19618119,,-2.21845106,32.35749863,33.64116697,16.19431339,23.83964951,-5.25064589,4.120588988,-21.69774013,-43.3485229,6.945518518
20-11-15,13.44071994,-28.7299618,5.541296361,-28.44499998,,-3.315312596,32.35543316,34.0841103,14.96304312,22.99476965,-3.979745856,4.894835843,-21.73760309,-44.28976222,8.109935746
27-11-15,13.74572234,-28.19991391,5.796811913,-26.7238176,,-4.740821345,33.27339108,32.90646954,16.0170814,23.76961945,-4.243301474,6.240204388,-20.69060216,-45.96456727,8.14376572
04-12-15,13.7510708,-28.77907339,5.445203259,-25.06803776,0.065293098,-4.078758823,32.49113839,30.76288659,16.85173597,24.56368073,-6.114188619,5.527446615,-20.64482275,-42.88536746,7.882631726
11-12-15,11.93235051,-29.02019539,6.129719383,-26.39261395,,-2.482060688,34.26085457,31.75963553,15.65419835,24.59382318,-4.879656498,6.350398747,-20.90079853,-42.68431549,8.070110283
18-12-15,11.90472345,-28.92452044,6.9025278,-28.31755014,,-4.51637602,34.9337539,32.45538208,16.58153968,23.04624565,-4.371555296,3.745613264,-19.30947866,-44.16786598,8.144016125
25-12-15,11.61386328,-28.35952804,5.808649641,-29.6035197,,-5.797000589,34.27404648,33.47324437,18.61029427,21.66147061,-4.800345577,4.200749851,-19.99751119,-44.45148916,8.850412959
01-01-16,13.50278291,-28.46656957,6.304618916,-29.63064229,,-6.357097029,34.00368895,32.70954514,16.90360759,23.68916261,-4.624953323,3.195227066,-20.47036858,-44.59669778,8.480101733
08-01-16,12.92663127,-26.89399237,5.430733598,-28.90689466,-1.399780738,-5.951463612,34.38565423,33.55048311,16.92471549,22.0576108,-4.325862283,3.101633166,-20.17384778,-44.88677632,8.520134511
15-01-16,13.22588965,-27.71736463,5.77462187,-29.29760494,,-6.212816005,34.97573556,34.7992394,16.68951462,21.86865286,-4.19810953,3.312618944,-21.85216025,-44.82058462,8.886228685
22-01-16,14.13420364,-27.85528228,5.047271785,-28.26821495,,-5.82193465,32.86245295,35.2482572,16.60247935,20.78720445,-3.71561857,3.661132532,-21.67932361,-44.37409326,8.677984649
29-01-16,15.83993637,-27.90877614,5.666590631,-30.07170401,,-6.874659433,31.61903533,34.34619881,15.46842365,22.15841702,-2.43549212,4.38635978,-21.76055228,-43.66778483,11.22333465
05-02-16,15.63535981,-28.49352114,5.773990594,-31.93044044,-4.313692109,-6.552384358,32.18701273,35.36370938,14.8958515,23.10687181,-1.635326729,5.614897926,-22.21472244,-46.08286025,11.9254393
12-02-16,15.65976698,-28.14218757,6.370186808,-31.62233803,,-6.551910376,32.2710798,34.82224736,13.69230183,22.88001074,0.225773352,5.160581103,-23.76725886,-46.16027918,9.997118884
19-02-16,16.8971988,-29.66913672,5.397983171,-32.65028571,,-8.27677606,31.96185606,34.32478101,14.36485352,23.47646208,0.524637493,5.230910803,-21.84678274,-45.47857891,11.44174438
26-02-16,17.54814235,-30.42664823,5.738929393,-33.06428712,,-8.233218745,33.53350822,34.2996725,12.8191965,24.93334128,-0.237754837,4.759601203,-21.36814627,-45.81505458,13.53400144
04-03-16,17.26273468,-30.63177426,5.955981444,-34.19740976,-5.48263027,-7.738404571,33.44470427,34.98378499,13.63676108,26.17716054,-0.94097703,3.384706072,-21.40761752,-46.46966923,13.88682548
11-03-16,19.08016517,-30.34523414,5.48095124,-35.92977831,,-9.118717371,31.77234872,33.93051297,13.07313777,26.16288032,-2.236643034,4.195065411,-24.00253457,-46.464106,13.47279723
18-03-16,18.9015586,-29.41241912,4.147087646,-35.70855485,,-9.908892361,30.71333522,34.77009893,12.55177893,27.56603458,-1.065692491,3.46935959,-24.91355146,-46.46855455,14.24333119
25-03-16,17.7980169,-28.33788966,3.557809064,-33.4401505,,-10.45592473,29.26498363,33.95360046,12.75857431,27.07828368,-2.044419852,3.419401242,-23.96735695,-44.72278605,14.69055172
01-04-16,19.08286667,-28.5152926,4.009726062,-34.17706975,,-9.930477295,29.83350477,33.16875901,11.03114853,25.73618269,-0.430873231,3.005290917,-23.42247095,-42.27884194,14.69372123
08-04-16,19.43113655,-28.63511577,4.496631167,-34.19664511,-0.238854303,-8.733101861,29.70921029,34.33585649,11.45046826,25.22545532,-0.058746684,2.729851663,-24.01585911,-42.22430268,15.44102577
15-04-16,19.02132611,-29.12351864,3.712774755,-35.19786327,,-8.911419084,28.89543102,34.93713261,11.14421588,25.86118313,1.152329441,2.672830525,-21.88668999,-43.42497455,13.95324957
22-04-16,20.50617043,-30.17566153,4.659200565,-34.86597064,,-9.135160515,28.15643054,33.99074869,11.8496559,26.80449723,-0.548901393,2.451123016,-21.3419411,-43.82439401,15.09431119
29-04-16,20.63213545,-30.26025906,3.369300311,-35.12952664,,-7.082593259,26.6871271,34.83666326,10.18012142,26.00187163,-0.167157392,2.567644639,-20.81917135,-42.31408918,16.98864938
06-05-16,19.49349125,-28.28905389,3.637164902,-35.13380685,1.244415505,-8.511102408,25.02918623,33.59923727,9.350057164,25.54923917,-1.844627849,1.901339197,-19.6514246,-42.96394836,18.0933047
13-05-16,18.75563122,-29.37106103,1.417904349,-34.02855939,,-8.960869014,25.79269903,32.50856882,10.88997076,24.88457754,-0.736598908,3.09365259,-20.19237604,-42.74748393,18.64080646
20-05-16,19.05453695,-30.47917412,-0.391893813,-33.57296517,,-8.420154251,25.37611117,32.44235911,11.07217615,25.57253569,-2.780795269,1.396332049,-20.66863668,-42.44611673,16.90281256
27-05-16,17.80620564,-31.88645905,-1.483051748,-33.69710859,,-9.559565706,25.75892739,30.55007622,10.94766892,26.60120397,-1.109458193,1.396628814,-20.92837379,-41.92106398,15.53353633
03-06-16,18.53830937,-31.37406338,-2.330020299,-33.08934057,4.065968664,-9.988864558,24.95312296,29.7501108,11.72755503,25.37853944,0.310497802,1.339108688,-19.98409506,-41.42091895,15.13393949
10-06-16,17.77896893,-31.39746665,-1.595885578,-33.91899016,,-8.057907754,25.40939232,29.59387642,11.98656527,26.22242087,-0.438905923,2.741332892,-19.79947693,-42.0663216,16.14947938
17-06-16,19.37694725,-31.09024433,-1.271042276,-33.9388739,,-8.196280184,25.31267717,28.65958157,10.57634557,28.27679485,0.466530847,4.015739236,-20.6179992,-42.01034431,18.17848795
24-06-16,18.20666629,-30.61036015,-2.027275844,-32.3642337,,-7.764322163,25.44282344,27.71910056,8.637882084,27.13259439,0.848985928,3.70236144,-19.29556468,-42.58722576,18.40413805
01-07-16,16.79720916,-27.88581416,-3.153356881,-33.00026733,,-8.237352353,24.94779536,27.32859204,8.863764389,27.65870758,0.74946953,2.440788401,-16.96700422,-43.32052851,18.06675351
08-07-16,18.12404529,-28.48835958,-5.13585115,-32.61227705,7.691141007,-5.563944679,25.02390428,29.37536928,9.518105937,27.83461529,1.222818086,1.860409455,-15.77580903,-43.28561528,17.2091742
15-07-16,17.93398471,-29.40220581,-5.573873779,-34.73291993,,-5.307894361,25.5337481,30.41024872,9.125896013,28.93943643,0.242045178,0.718524509,-14.72791307,-43.00491871,14.79618507
22-07-16,16.78069549,-27.66959529,-5.286962287,-35.04575831,,-6.165219882,25.82196405,31.50624488,9.48447576,28.23513903,-0.356470237,0.590885384,-15.78742662,-41.96831964,15.27754335
29-07-16,18.18390054,-27.99649038,-6.045328676,-34.51058904,,-6.095230647,25.7374991,30.31340194,8.798432355,27.16249015,-0.084250679,0.380966276,-15.31792404,-41.92583263,14.5617325
05-08-16,17.99016778,-27.67265956,-4.71365696,-34.52026025,9.204210896,-6.823285831,25.38960314,30.86305054,8.085844669,27.94893738,0.402102898,-0.620134445,-15.45153286,-41.94594428,15.99027846
12-08-16,17.25736809,-28.09338853,-4.361942167,-35.52210689,,-7.044922839,25.42037484,30.74449429,8.077378693,29.54826849,1.632818904,-3.317459409,-15.03973286,-41.19311712,15.52947043
19-08-16,16.48809864,-28.37515622,-3.584808728,-35.2164902,,-5.881855163,25.45020933,30.49245739,6.658552324,29.40363957,1.1916849,-3.27056298,-15.87226823,-40.48363408,14.79392641
26-08-16,14.11834981,-28.64571466,-3.750092467,-35.48802004,,-8.023392147,27.8805479,30.24954084,6.583656622,29.5471628,0.568007286,-0.273733517,-16.06116772,-39.29373034,15.56382489
02-09-16,16.05319586,-29.16237599,-4.141885635,-37.1863141,8.172147634,-6.649902178,27.48683876,31.75496935,6.90270897,28.19873534,0.123704176,-1.554854027,-16.59656071,-38.81513946,15.16039187
09-09-16,14.81196201,-30.307445,-4.884663128,-36.30161859,,-4.141735148,27.70006574,31.32671499,5.95983125,27.88644891,1.492335575,-1.090559182,-14.9282874,-37.25889845,14.87231949
16-09-16,12.942668,-30.49427647,-4.293280449,-36.22046569,,-4.294697872,27.39129395,30.95597393,5.282551671,26.81176485,2.221150406,-0.528202296,-14.24720008,-37.84767249,13.98554924
23-09-16,11.82513671,-29.69041037,-3.422927256,-37.56671422,,-7.021692278,26.3464239,30.06372356,3.9515333,27.1877783,2.738533886,-0.742052266,-13.63870596,-36.00844702,14.06055018
30-09-16,11.18081462,-29.58420464,-3.346900959,-36.906634,,-8.051581972,27.78181771,28.94047253,3.6444822,27.22251394,1.806850242,-0.335624268,-14.17242297,-37.8095133,11.96739503
07-10-16,11.35642838,-26.86247399,-1.341260867,-36.94993037,8.388935224,-8.574972426,28.40809807,29.00346929,3.427367936,27.98769186,0.875286791,-1.449553515,-14.51181739,-38.76564775,10.77247112
14-10-16,10.98464368,-27.60801813,-0.638914691,-38.55545399,,-8.274958415,28.31645602,29.32084617,3.655717765,27.15883705,0.109053012,-1.810788573,-14.03926945,-40.08709528,8.659046842
21-10-16,11.73396863,-29.65897891,0.741403002,-38.67798416,,-6.657423186,28.33388153,29.9269957,4.384784869,28.00115538,1.067270333,0.703925846,-14.00168255,-40.67459799,8.98282364
28-10-16,12.37016327,-28.22553617,1.984109919,-39.05971014,,-7.045083861,29.29383104,31.12116835,3.268527039,27.49784403,-0.266183535,-0.244193391,-13.6255725,-41.31584452,10.6850156
04-11-16,12.47874646,-26.60611734,3.323001207,-39.61451768,0.065293098,-8.045100277,30.21539718,31.60702037,3.980894862,29.47375189,-0.435250503,0.421719256,-13.71701345,-40.26468602,11.42567857
11-11-16,12.04252277,-27.50489664,2.706127939,-39.11315733,,-8.342210064,30.41046647,30.55302386,4.503976737,29.51003362,-2.121539868,0.123787167,-14.1197152,-41.88660446,11.10870948
18-11-16,12.68292467,-29.04846004,4.266435601,-37.9126413,,-9.476044466,31.28195587,29.86155068,4.381752241,31.24215883,-2.87295239,0.821710312,-15.72555647,-41.60717715,11.88529562
25-11-16,13.4781563,-30.83955538,5.871340649,-39.17862558,,-10.10368824,32.46112702,28.64738759,3.22480456,33.13302682,-4.189791418,0.922976561,-15.60544188,-41.81183552,11.22485837
02-12-16,13.44959785,-32.95152573,6.236105042,-40.23682869,,-10.21146914,31.71862455,28.12517903,3.405159663,35.21622048,-4.946596918,2.408046923,-15.01786041,-41.82877433,11.1312822
09-12-16,14.11113675,-32.49385917,8.15377243,-38.36162361,-1.399780738,-9.335654858,33.23778475,27.96952806,2.256064722,35.79452338,-4.720504836,3.276059433,-15.37970987,-42.83448334,10.38998784
16-12-16,14.05936144,-33.22493883,6.659711997,-37.20286083,,-10.84272015,32.26919029,29.27707614,2.689158433,34.59723885,-3.126332829,2.809090866,-14.89528969,-41.45534642,10.34090996
23-12-16,15.00296214,-35.09735564,7.568684151,-36.70491047,,-10.84428304,32.09029273,28.78142062,0.361040509,35.02130117,-3.380029318,1.433850553,-15.55367154,-42.77417707,10.1331015
30-12-16,14.19987057,-36.67432917,7.775143552,-35.62233946,,-9.307027399,30.816576,29.15540046,0.064276992,36.18165196,-2.854081801,0.918460499,-16.60692432,-41.81323373,11.01435533
06-01-17,13.24028483,-34.48603298,7.422291089,-34.94391596,-4.313692109,-9.442962817,31.56494504,28.90451081,1.030512042,36.45253359,-2.753622097,0.07158191,-18.74530161,-41.89212814,12.11832197
13-01-17,12.42744289,-34.41844138,7.491009294,-34.30152572,,-11.32079161,31.45263915,27.26581826,1.889534302,35.02933966,-0.99475683,0.307682825,-16.81837287,-38.44688114,11.63535042
20-01-17,12.93801859,-34.32504112,7.089006208,-34.7621555,,-10.48905609,31.54845416,27.20437356,1.72459427,35.40911334,-0.350811888,0.195298277,-15.4844263,-40.41658533,11.51782667
27-01-17,14.19640718,-33.87379517,5.378294961,-35.0546781,,-10.7840816,31.36938509,26.37635195,1.372584301,36.54369331,0.246480492,-1.968787396,-15.44185248,-41.42045935,10.28988529
03-02-17,14.01927334,-34.62026848,5.996382267,-36.52099151,-5.48263027,-12.60389702,30.67968802,25.3408727,1.38377596,37.39505453,0.884003386,-1.530232261,-14.29449336,-40.87655905,11.0723224
10-02-17,14.96959236,-35.33706185,7.325303568,-37.93277138,,-13.75223709,30.42192847,26.08140537,2.372148194,36.03004615,1.70679408,-0.334179742,-12.95607076,-41.67057703,10.43201712
17-02-17,13.5402682,-34.32525657,7.336637575,-39.07211482,,-13.30305177,30.1242095,26.83040213,2.571889034,35.87243543,1.603993796,-0.207660009,-12.57663599,-42.82534875,10.02507549
24-02-17,15.06215357,-35.15232172,7.645675239,-39.35161719,,-12.03407424,28.56207266,26.72092238,3.334801684,34.09157455,1.227017043,-0.807777582,-13.04075043,-44.18121022,11.52242534
03-03-17,15.62263645,-35.87908488,6.299163077,-37.88983344,,-10.50403638,30.27482105,27.82746157,3.710183734,34.65156098,0.55951369,-0.478363564,-12.84534004,-42.10856394,12.78324983
10-03-17,14.13872818,-35.33686111,5.848086715,-37.74197309,-0.238854303,-12.14048523,28.87913502,30.10115787,2.427002064,34.72660306,-0.045683396,-1.649641142,-12.96082949,-42.3795497,12.28245487
17-03-17,14.06913075,-34.62907659,5.536589465,-37.51678225,,-12.07854387,29.02241221,30.71941901,3.074314781,33.76514385,0.038279815,-1.797933621,-14.73279886,-43.6425464,11.89951847
24-03-17,14.77930469,-35.73528056,6.765137874,-39.1910221,,-10.98366597,29.24775424,29.01958386,3.462748545,33.29706649,0.072703523,-1.349964882,-14.11130675,-45.65521622,12.11300343
31-03-17,16.62867286,-35.93068831,7.200926766,-39.1463747,,-10.3970566,29.25115338,29.9674715,2.947250947,33.79697673,0.605244064,-1.224664363,-14.07155172,-45.24135693,10.8959055
07-04-17,17.61665288,-35.63338449,6.197459139,-39.14849954,1.244415505,-10.07621217,27.49657596,28.10041321,2.143831436,33.61293531,2.042410318,-1.496122568,-16.29510243,-46.26814879,11.31129695
14-04-17,17.04725164,-35.00803519,5.15732748,-39.84323689,,-10.18084912,25.60248163,27.94852417,2.428830707,34.22870287,1.63499617,-2.06247908,-15.92422047,-45.00237442,12.31851704
21-04-17,16.3807437,-35.36000353,5.741572137,-39.44283278,,-10.80894954,26.29988141,27.54474255,2.86947872,34.78744214,2.837199708,-2.197800767,-14.90833401,-44.58791527,12.96562242
28-04-17,16.78039606,-34.74374434,4.96551591,-41.40573249,,-8.955592649,26.89417884,26.15653326,2.98935013,34.78148361,3.725927249,-1.825107801,-14.00450164,-44.73271064,13.83599328
05-05-17,18.54673102,-33.79014366,4.819726982,-43.61021892,4.065968664,-8.139438045,26.36844514,25.44798802,3.671365186,35.40461411,2.857542519,-0.119078744,-15.23024784,-44.79690049,14.23577505
12-05-17,19.65847832,-33.47517277,3.850592204,-44.51671112,,-7.198117491,25.92424633,23.93951617,4.590490128,35.85604925,2.726283688,-0.609754164,-14.23746182,-42.93230731,13.11206829
19-05-17,19.70499794,-34.24140956,3.428062772,-46.63754092,,-8.85689127,,24.46859624,5.206516076,34.45606847,1.713645923,-2.522190762,-12.96423174,-43.52167794,12.92283142
26-05-17,19.5232523,-34.05858665,2.279657175,-46.72031515,,-9.841523164,,26.30643673,6.061169834,35.27029614,1.884888401,-1.552231813,-13.988121,-45.53748104,11.40325421
02-06-17,,-33.90061788,0.80488351,-48.18462644,,-8.559917229,,28.29479213,7.762432403,35.02149128,1.921301777,-0.717137559,-13.79242141,-45.21779189,11.03784874
09-06-17,,-33.55432767,0.455756506,-47.35664266,7.691141007,-8.59959569,,27.61832979,7.978429187,33.92845743,1.318832403,-0.505381202,-13.51344997,-45.95072598,10.78044863
16-06-17,,-33.70357538,-1.137482067,-48.1309234,,-8.385984626,26.74293718,26.54908514,8.109041819,35.1139001,0.956780161,-0.601306207,-13.15529515,-48.77550071,12.00187997
23-06-17,,-34.0551487,-0.770347754,-50.17811158,,-8.028478424,27.0529614,28.11482677,8.469284057,33.80768202,1.934283934,-1.104035464,-12.51368059,-49.21059399,11.37577359
30-06-17,,-34.16688535,,-50.04140656,,-7.993121356,28.31904825,28.37266994,7.536545482,33.6287415,0.903849888,-1.032055764,-12.70277161,-48.76044241,11.26042086
07-07-17,,-32.98717966,,-49.17786001,9.204210896,-9.489564581,29.68082811,28.33601591,6.077960352,34.12919706,0.378207134,-1.090941983,-10.94803974,-47.33621887,10.49508756
14-07-17,,-33.16474412,,-49.15986068,,-10.30193906,29.61166165,27.9120415,,37.14553726,1.090272192,-1.050590436,-12.06564103,-46.51214137,10.83121507
21-07-17,,-33.67391781,,-48.75802502,,-9.920191426,29.40654955,29.34209175,,37.47770841,0.534933857,-1.602358184,-11.31959232,-44.03061926,9.813297709
28-07-17,23.54856174,-33.97695631,,-49.29056491,,-9.752077097,29.40792281,32.90122188,,37.80229235,1.212970606,-1.562942162,-9.743014382,-45.21684715,8.987470617
04-08-17,23.56793118,,,-48.29889209,8.172147634,-9.892252741,,31.57425446,,39.52032319,0.110688991,-1.850787152,-10.59668554,-44.78300878,10.07669966
11-08-17,21.94547858,,,-47.49881587,,-11.16015265,,32.00553046,,41.91151993,2.536666232,-3.708032508,-11.06558887,-44.34017521,11.03132244
18-08-17,23.21408263,,-6.383457987,-47.78027326,,-12.53515945,,30.72623727,,40.23272491,1.497162428,-2.640860529,-11.32316916,-47.42904542,10.68916492
25-08-17,24.0413065,,-5.965976041,-46.936329,,-12.47906354,,30.35427593,,41.01112832,2.657392405,-2.906508892,-11.91156053,-45.79624985,9.872121933
01-09-17,23.05534853,,-5.22747055,-47.31800178,,-12.18859574,,30.09535042,,39.6504487,2.385830583,-3.649785009,-12.3697885,-44.8545688,9.006510307
08-09-17,22.80626052,,-4.847819215,-47.14973493,8.388935224,-12.35003518,,29.61984163,,41.42717236,2.706776142,-2.447698176,-12.40181223,-44.27530429,8.759661276
15-09-17,21.14345641,,-3.035908553,-45.27489465,,-12.78493137,,30.9600165,5.604433686,40.82586622,2.535464126,0.572592831,-12.29543378,-44.95573743,10.19907032
22-09-17,22.66493276,-35.13745499,-4.77868562,-44.99341751,,-14.35799658,27.97803389,30.88083306,5.503314263,41.86339673,1.779705796,-0.007661448,-12.58802644,-47.37723863,10.22270724
29-09-17,22.63416158,-35.064397,-3.283381698,-44.26464431,,-13.57822667,28.60029892,29.44696848,6.066528614,40.24378105,0.485792882,1.465758843,-11.89436874,-47.0505459,9.427140682
06-10-17,20.76150362,,-2.068786486,-44.20252872,5.798842773,-15.28797954,27.98776029,28.02984841,4.426854188,39.52179994,-0.004803661,0.627937603,-11.98919021,-46.24859865,9.645967141
13-10-17,22.40835596,-35.87189248,-3.388235238,-43.95020315,,-17.48926707,,28.05833375,4.594892969,38.71104119,-0.545316655,3.010812666,-10.42278212,-45.52263847,9.760813637
20-10-17,23.0095355,-34.71698101,-2.158789699,-42.43199526,,-18.39472107,29.08568257,29.12225075,3.707079163,39.46021955,-0.743553915,2.228157983,-11.29965897,-46.52017339,9.059566559
27-10-17,22.76682706,-35.57774969,-1.554072674,-43.17403113,,-18.13858131,29.41541964,28.39517402,4.601637195,39.5688364,-2.607238325,2.162017257,-11.38869786,-46.03438812,9.017717976
